0000	audio_0000
0008	audio_0008
0010	audio_0010
0018	audio_0018
0020	audio_0020
0028	audio_0028
0030	audio_0030
0038	audio_0038
008c	audio_008c
00e6	audio_00e6
0102	audio_0102
019d	audio_019d
01d9	audio_01d9
01e8	audio_01e8
0230	audio_0230
023c	audio_023c
024d	audio_024d
0260	audio_0260
026d	audio_026d
027c	audio_027c
029c	audio_029c
02b0	audio_02b0
02c1	audio_02c1
02c7	audio_02c7
0304	audio_0304
0309	audio_0309
030f	audio_030f
0333	audio_0333
03bd	audio_03bd
03d2	audio_03d2
045d	audio_045d
0475	audio_0475
048d	audio_048d
04aa	audio_04aa
04eb	audio_04eb
04f8	audio_04f8
0505	audio_0505
051c	audio_051c
05c3	audio_05c3
05e5	audio_05e5
05ed	audio_05ed
061c	audio_061c
063d	audio_063d
0661	audio_0661
06eb	audio_06eb
070e	audio_070e
0759	audio_0759
077f	audio_077f
078b	audio_078b
078e	audio_078e
0791	audio_0791
0797	audio_0797
079d	audio_079d
07b7	audio_07b7
0872	audio_0872
0989	audio_0989
0990	audio_0990
0ab0	audio_0ab0
0abd	audio_0abd
0ac4	audio_0ac4
0ac7	audio_0ac7
0b3b	audio_0b3b
0b4c	audio_0b4c
0b53	audio_0b53
0b56	audio_0b56
0b67	audio_0b67
0b8c	audio_0b8c
0b8f	audio_0b8f
0b96	audio_0b96
0b9d	audio_0b9d
0ba7	audio_0ba7
1015	audio_1015
1023	audio_1023
1026	audio_1026
102d	audio_102d
1465	audio_1465
1472	audio_1472
1482	audio_1482
148c	audio_148c
14a9	audio_14a9
159c	audio_159c
1691	audio_1691
