0	seatStackAndEnterColdBoot
18	enqueueSoundCommand
28	copyRunUpTileColumn
38	clearTilemapToTile16
66	serviceVblankNmi
11c	dispatch_011c
235	dispatch_0235
292	tickFrogRespawnDelay
2a3	initColdBootAndEnterMainLoop
341	drainForegroundThenYieldEachVblank
368	endForegroundPassAtPaceTail
40b	setUpBoardOrContinueLife
457	beginNextLifeOrIntro
48f	runIntroTimerThenInitGame
4f3	setUpPlayerTwoContinue
534	clearPlayerOneHomeBayGates
547	coldStartClearSlotGates
557	coldStartClearAltSlotGates
567	coldStartClearPlayRamAndSetMode
5d3	armBoardCompleteReveal
5f0	advanceBoardForeground
629	clearAndSeedScoreField
64b	clearObjectBlocksAndMirrorToObjRam
670	fillAllHomeSlotsAndAwardLife
695	fillTwoByTwoTileBlock
6a2	stampHomeBayFrogByColumn
6ee	swapInActivePlayerPages
726	swapOutActivePlayerPages
766	fillTilemapBlock28x32
779	fillTenCellRun
781	fillTilemapBlock22x32
794	issueSoundCommand
7ac	dequeueSoundCommand
7c1	raiseActivePlayerStartFlag
7ce	raiseTwoPlayerStartFlag
7d9	clearSoundQueue
7e6	clearActivePlayerWorkRam
7eb	forceClearPlayerWorkRam
804	activateFrogObject
822	handOffToOtherPlayer
85b	blitEndStripAndSetHold
870	driveScoreDisplayCountdown
8c5	driveScoreDisplayCountdown
8e0	addScoreAndAwardExtraLife
942	renderFrogSceneAndTickTimer
9a6	dispatch_09a6
9aa	resetFrogObject
9db	renderFilledHomeSlots
a16	renderTimeBar
a48	renderLivesRow
a5f	awardExtraLife
a84	insertHighScoreEntry
aba	initDisplayFieldOnce
aee	nextSpawnRandomByte
b0a	initNewGameScoreAndTimers
b1f	renderScoreHeader
b67	renderCreditLine
b95	writeScoreField
b9b	writePackedBcdWord
ba0	writePackedBcdByte
ba9	writeScoreDigitStepUp
bb3	renderMode3ScoreRankingScreen
c17	blitMode3FinalStrip
c3d	placeScoreRankMarkers
c4a	stampRankMarkerIfPlaced
c51	dispatch_0c51
c6d	renderMode4PointTablePhase
c8a	dispatch_0c8a
cc0	dispatch_0cc0
cc6	dispatch_0cc6
ceb	dispatch_0ceb
d11	dispatchGameModeFrame
d35	dispatch_0d35
d4c	initInPlayBoardOnce
db9	blitPlayerSelectPrompt
de0	stampAttractDemoCell
e0d	dispatch_0e0d
e17	dispatch_0e17
e21	dispatch_0e21
e2b	dispatch_0e2b
e35	dispatch_0e35
e3f	dispatch_0e3f
e49	dispatch_0e49
e74	setAttractIdleMode
e7a	driveAttractDemoSequencer
ec3	dispatch_0ec3
ec5	dispatch_0ec5
ec7	dispatch_0ec7
ec9	dispatch_0ec9
ecb	dispatch_0ecb
ecd	dispatch_0ecd
ecf	dispatch_0ecf
f59	blitGameOverLine
f69	packScoreRankPair
f8c	blitFrogAnimColumnOnTrigger
faf	dispatchFrogAnimationArm
fd4	renderFrogAnimArm0
ff1	renderFrogAnimTileColumns
1029	advanceFrogAnimIndexAndRedispatch
1048	spinWatchdogSettleDelay
1058	renderFrogAnimArm1
107b	renderFrogAnimArm2
109b	renderFrogAnimArm3
10bb	renderFrogAnimArm4
10db	dispatch_10db
10f8	renderFrogAnimArm6
1118	renderFrogAnimArm7
1138	renderFrogAnimArm8
1158	renderFrogAnimArm9
1178	renderFrogAnimArm10
1198	computeVramColumnIndex
11bf	dispatchFrogMoveAgainstLanes
1209	dispatch_1209
120c	dispatch_120c
120f	dispatch_120f
1212	dispatch_1212
121a	dispatch_121a
1222	dispatch_1222
122a	dispatch_122a
1232	dispatch_1232
123a	dispatch_123a
1242	dispatch_1242
124a	dispatch_124a
1252	dispatch_1252
125a	dispatch_125a
1262	dispatch_1262
126a	dispatch_126a
126d	dispatch_126d
12d0	dispatchFrogMoveAgainstLanes
12e4	resolveFrogMoveAgainstLanes
132b	dispatch_132b
132e	dispatch_132e
1331	dispatch_1331
1334	dispatch_1334
133c	dispatch_133c
1344	dispatch_1344
134c	dispatch_134c
1354	dispatch_1354
135c	dispatch_135c
1364	dispatch_1364
136c	dispatch_136c
1374	dispatch_1374
137c	dispatch_137c
1384	dispatch_1384
138c	dispatch_138c
14b7	moveLaneObjectsAndCarryFrog
14dd	dispatch_14dd
14ee	dispatch_14ee
14ff	dispatch_14ff
1510	dispatch_1510
1521	dispatch_1521
1532	dispatch_1532
1543	dispatch_1543
1554	dispatch_1554
1565	dispatch_1565
1576	dispatch_1576
1587	dispatch_1587
16f8	driveFrogDeathAnimation
1802	advanceAnimationFrameBuffer
1952	renderFrogAndArmObjects
19e2	blitFourTileGroupColumn
1a02	seedObjectAnimationState
1a55	orchestrateCollisionsAndFrogInput
1acb	scanFrogInputAndDispatchHop
1b8b	animateFrogHop
1bba	animateFrogHop
1be4	animateFrogHop
1c0d	animateFrogHop
1c41	animateFrogHop
1c76	animateFrogHop
1ca0	animateFrogHop
1cd5	animateFrogHop
1cff	selectHomeBayGoalHandler
1d77	holdFrogMissedHomeBay
1d87	awardHomeBayGoal
1dd8	awardHomeBayGoal
1e29	awardHomeBayGoal
1e7a	awardHomeBayGoal
1ecb	awardHomeBayGoal
1f1c	stampHomeGoalAndResetFrog
1fc7	tickGatedCountdown
1fd6	scoreFrogRowProgress
2005	advanceScrollLaneObjects
20cc	blitScrollTileGrid
20fb	stampScrollRevealColumn
219c	blitScrollBand
223d	loadActivePlayerLaneParams
230f	setUpPlayStartOnce
2338	dispatch_2338
2341	driveInPlayFrameUpdate
236d	driveAttractDemoFrogHop
23b7	advanceAttractDemoFrogHop
23eb	advanceHomeBaySlotCursor
23fa	stampHomeBayFly
2496	stampHomeBayGatorEmerging
2532	stampHomeBayGatorFull
25ce	stampHomeBaySlot
269a	clearFourByteCounterBlock
26a6	animateFlyEatCollision
272f	driveFlyPatrol
27b3	clearLatchedCollision
27bc	clearCollisionSpriteBlock
27cb	armHomeGoalSprite
27de	clearFlySpriteBlock
27ea	driveDiveAnimByLevel
27fe	stepDiveSurfaceTimer
281b	copyDiveAnimFrame
2856	clearTwoPlayerFrameCells
286d	selectDiveVariantFrame
2874	armDiveHighPhase
287e	armTwoPairFigureFrame
288c	resetDiveSurfaceCounter
28b0	stepDiveFrameCounter
28bb	mountOrKillFrogOnTwoPairFigure
2906	enqueueLaneScrollSyncedCommand
291d	animateTwoPairFigure
2970	driveSpriteObjectCluster
29b9	dispatchSpriteObjectArmsA
29c9	animateSpriteObjectFrame
29f9	moveSpriteObjectArmA
2a6a	spawnSpriteObjectArmA
2ae6	raiseSpriteArmOneShotAndQueueSound
2af3	placeSpriteObjectSlotAndRetire
2b58	flagSpriteObjectFrogHit
2b83	updateSpriteObject
2b93	writeSpriteObjectSlotX
2bab	steerSpriteObjectTowardTarget
2bfb	writeSpriteObjectSlotAttr
2c13	spawnSpriteObject
2ca8	flagSpriteObjectFrogHitAhead
2cf0	scanCoinInputAndCredit
2d23	dispatch_2d23
2d25	dispatch_2d25
2d27	dispatch_2d27
2d29	dispatch_2d29
2d3a	dispatch_2d3a
2d3c	dispatch_2d3c
2d3e	dispatch_2d3e
2d40	dispatch_2d40
2d88	renderMode2IntroScreen