0000	0600	LD B,0x0
0002	210040	LD HL,0x4000
0005	c30b01	JP 0x010b
0008	d380	OUT (0x80),A
000a	78	LD A,B
000b	d340	OUT (0x40),A
000d	c9	RET
0010	c3b702	JP 0x02b7
0018	c37c02	JP 0x027c
0020	c3c702	JP 0x02c7
0028	c33c02	JP 0x023c
0030	c36002	JP 0x0260
0038	08	EX AF,AF_
0039	d9	EXX
003a	216d00	LD HL,0x6d
003d	e5	PUSH HL
003e	3e0e	LD A,0xe
0040	cdc102	CALL 0x02c1
0043	b7	OR A
0044	282b	JR Z,0x0071
0046	57	LD D,A
0047	feff	CP 0xff
0049	2001	JR NZ,0x004c
004b	c7	RST 0x0000
004c	e60f	AND 0xf
004e	4f	LD C,A
004f	7a	LD A,D
0050	a9	XOR C
0051	2807	JR Z,0x005a
0053	79	LD A,C
0054	b7	OR A
0055	2803	JR Z,0x005a
0057	7a	LD A,D
0058	183d	JR 0x0097
005a	7a	LD A,D
005b	e60f	AND 0xf
005d	2038	JR NZ,0x0097
005f	7a	LD A,D
0060	c612	ADD A,0x12
0062	07	RLCA
0063	07	RLCA
0064	07	RLCA
0065	cb7f	BIT 0x7,A
0067	282e	JR Z,0x0097
0069	cbbf	RES 0x7,A
006b	1813	JR 0x0080
0071	0606	LD B,0x6
0073	214040	LD HL,0x4040
0076	77	LD (HL),A
0077	23	INC HL
0078	10fc	DJNZ 0x0076
007a	3e07	LD A,0x7
007c	063f	LD B,0x3f
007e	cf	RST 0x0008
007f	c9	RET
0080	cde600	CALL 0x00e6
0083	d0	RET NC
0084	cd8c00	CALL 0x008c
0087	af	XOR A
0088	77	LD (HL),A
0089	23	INC HL
008a	77	LD (HL),A
008b	c9	RET
008c	47	LD B,A
008d	213e40	LD HL,0x403e
0090	110200	LD DE,0x2
0093	19	ADD HL,DE
0094	10fd	DJNZ 0x0093
0096	c9	RET
0097	324640	LD (0x4046),A
009a	cde600	CALL 0x00e6
009d	d8	RET C
009e	cde600	CALL 0x00e6
00a1	3838	JR C,0x00db
00a3	3a4040	LD A,(0x4040)
00a6	cd0201	CALL 0x0102
00a9	47	LD B,A
00aa	3a4240	LD A,(0x4042)
00ad	cd0201	CALL 0x0102
00b0	4f	LD C,A
00b1	3a4440	LD A,(0x4044)
00b4	cd0201	CALL 0x0102
00b7	324940	LD (0x4049),A
00ba	3a4640	LD A,(0x4046)
00bd	cd0201	CALL 0x0102
00c0	5f	LD E,A
00c1	214940	LD HL,0x4049
00c4	56	LD D,(HL)
00c5	78	LD A,B
00c6	b9	CP C
00c7	3801	JR C,0x00ca
00c9	79	LD A,C
00ca	ba	CP D
00cb	3801	JR C,0x00ce
00cd	7a	LD A,D
00ce	bb	CP E
00cf	d0	RET NC
00d0	1e01	LD E,0x1
00d2	b8	CP B
00d3	2805	JR Z,0x00da
00d5	1c	INC E
00d6	b9	CP C
00d7	2801	JR Z,0x00da
00d9	1c	INC E
00da	7b	LD A,E
00db	cd8c00	CALL 0x008c
00de	3a4640	LD A,(0x4046)
00e1	77	LD (HL),A
00e2	23	INC HL
00e3	3600	LD (HL),0x0
00e5	c9	RET
00e6	0e01	LD C,0x1
00e8	214040	LD HL,0x4040
00eb	be	CP (HL)
00ec	280e	JR Z,0x00fc
00ee	0c	INC C
00ef	23	INC HL
00f0	23	INC HL
00f1	be	CP (HL)
00f2	2808	JR Z,0x00fc
00f4	0c	INC C
00f5	23	INC HL
00f6	23	INC HL
00f7	be	CP (HL)
00f8	2802	JR Z,0x00fc
00fa	af	XOR A
00fb	c9	RET
00fc	23	INC HL
00fd	3600	LD (HL),0x0
00ff	79	LD A,C
0100	37	SCF
0101	c9	RET
0102	218302	LD HL,0x283
0105	5f	LD E,A
0106	1600	LD D,0x0
0108	19	ADD HL,DE
0109	7e	LD A,(HL)
010a	c9	RET
010b	70	LD (HL),B
010c	23	INC HL
010d	7c	LD A,H
010e	d644	SUB 0x44
0110	20f9	JR NZ,0x010b
0112	f9	LD SP,HL
0113	3d	DEC A
0114	328042	LD (0x4280),A
0117	ed56	IM 1
0119	113f00	LD DE,0x3f
011c	cd6d02	CALL 0x026d
011f	3e08	LD A,0x8
0121	0600	LD B,0x0
0123	cf	RST 0x0008
0124	3e09	LD A,0x9
0126	cf	RST 0x0008
0127	3e0a	LD A,0xa
0129	cf	RST 0x0008
012a	3e07	LD A,0x7
012c	063f	LD B,0x3f
012e	cf	RST 0x0008
012f	210060	LD HL,0x6000
0132	224e40	LD (0x404e),HL
0135	77	LD (HL),A
0136	fb	EI
0137	213f40	LD HL,0x403f
013a	34	INC (HL)
013b	3e0f	LD A,0xf
013d	cdc102	CALL 0x02c1
0140	e608	AND 0x8
0142	20f7	JR NZ,0x013b
0144	3e0f	LD A,0xf
0146	cdc102	CALL 0x02c1
0149	e608	AND 0x8
014b	28f7	JR Z,0x0144
014d	f3	DI
014e	3e01	LD A,0x1
0150	324b40	LD (0x404b),A
0153	214140	LD HL,0x4041
0156	7e	LD A,(HL)
0157	2b	DEC HL
0158	b7	OR A
0159	2830	JR Z,0x018b
015b	7e	LD A,(HL)
015c	cde801	CALL 0x01e8
015f	fb	EI
0160	00	NOP
0161	00	NOP
0162	00	NOP
0163	f3	DI
0164	214b40	LD HL,0x404b
0167	34	INC (HL)
0168	214340	LD HL,0x4043
016b	7e	LD A,(HL)
016c	2b	DEC HL
016d	b7	OR A
016e	2821	JR Z,0x0191
0170	7e	LD A,(HL)
0171	cde801	CALL 0x01e8
0174	fb	EI
0175	00	NOP
0176	00	NOP
0177	00	NOP
0178	f3	DI
0179	214b40	LD HL,0x404b
017c	34	INC (HL)
017d	214540	LD HL,0x4045
0180	7e	LD A,(HL)
0181	2b	DEC HL
0182	b7	OR A
0183	2812	JR Z,0x0197
0185	7e	LD A,(HL)
0186	cde801	CALL 0x01e8
0189	18ab	JR 0x0136
018b	7e	LD A,(HL)
018c	cdd901	CALL 0x01d9
018f	18ce	JR 0x015f
0191	7e	LD A,(HL)
0192	cdd901	CALL 0x01d9
0195	18dd	JR 0x0174
0197	7e	LD A,(HL)
0198	cdd901	CALL 0x01d9
019b	1899	JR 0x0136
019d	87	ADD A,A
019e	5f	LD E,A
019f	1600	LD D,0x0
01a1	19	ADD HL,DE
01a2	5e	LD E,(HL)
01a3	23	INC HL
01a4	56	LD D,(HL)
01a5	eb	EX DE,HL
01a6	e9	JP (HL)
01d9	21a701	LD HL,0x1a7
01dc	cd9d01	CALL 0x019d
01df	3a4b40	LD A,(0x404b)
01e2	cd8c00	CALL 0x008c
01e5	23	INC HL
01e6	77	LD (HL),A
01e7	c9	RET
01e8	b7	OR A
01e9	c8	RET Z
01ea	212502	LD HL,0x225
01ed	e5	PUSH HL
01ee	21f301	LD HL,0x1f3
01f1	18aa	JR 0x019d
0230	3a4b40	LD A,(0x404b)
0233	e603	AND 0x3
0235	c8	RET Z
0236	c607	ADD A,0x7
0238	0600	LD B,0x0
023a	cf	RST 0x0008
023b	c9	RET
023c	3a4b40	LD A,(0x404b)
023f	3d	DEC A
0240	87	ADD A,A
0241	47	LD B,A
0242	cd0903	CALL 0x0309
0245	04	INC B
0246	78	LD A,B
0247	d380	OUT (0x80),A
0249	7c	LD A,H
024a	d340	OUT (0x40),A
024c	c9	RET
024d	3a4b40	LD A,(0x404b)
0250	3d	DEC A
0251	87	ADD A,A
0252	47	LD B,A
0253	d380	OUT (0x80),A
0255	db40	IN A,(0x40)
0257	6f	LD L,A
0258	04	INC B
0259	78	LD A,B
025a	d380	OUT (0x80),A
025c	db40	IN A,(0x40)
025e	67	LD H,A
025f	c9	RET
0260	11047f	LD DE,0x7f04
0263	3a4b40	LD A,(0x404b)
0266	47	LD B,A
0267	cb02	RLC D
0269	cb03	RLC E
026b	10fa	DJNZ 0x0267
026d	3e07	LD A,0x7
026f	d380	OUT (0x80),A
0271	3a4c40	LD A,(0x404c)
0274	a2	AND D
0275	b3	OR E
0276	324c40	LD (0x404c),A
0279	d340	OUT (0x40),A
027b	c9	RET
027c	3a4b40	LD A,(0x404b)
027f	c607	ADD A,0x7
0281	cf	RST 0x0008
0282	c9	RET
029c	3a4b40	LD A,(0x404b)
029f	47	LD B,A
02a0	3e84	LD A,0x84
02a2	07	RLCA
02a3	10fd	DJNZ 0x02a2
02a5	5f	LD E,A
02a6	16ff	LD D,0xff
02a8	cd6d02	CALL 0x026d
02ab	cd3002	CALL 0x0230
02ae	1817	JR 0x02c7
02b0	1180fb	LD DE,0xfb80
02b3	18ae	JR 0x0263
02b7	3a4b40	LD A,(0x404b)
02ba	e603	AND 0x3
02bc	c8	RET Z
02bd	c607	ADD A,0x7
02bf	1800	JR 0x02c1
02c1	d380	OUT (0x80),A
02c3	db40	IN A,(0x40)
02c5	47	LD B,A
02c6	c9	RET
02c7	010000	LD BC,0x0
02ca	11fffc	LD DE,0xfcff
02cd	3a4b40	LD A,(0x404b)
02d0	fe02	CP 0x2
02d2	2815	JR Z,0x02e9
02d4	3808	JR C,0x02de
02d6	16f3	LD D,0xf3
02d8	cb00	RLC B
02da	cb00	RLC B
02dc	180b	JR 0x02e9
02de	113fff	LD DE,0xff3f
02e1	cb38	SRL B
02e3	cb19	RR C
02e5	cb38	SRL B
02e7	cb19	RR C
02e9	2a4e40	LD HL,(0x404e)
02ec	7c	LD A,H
02ed	a2	AND D
02ee	b0	OR B
02ef	67	LD H,A
02f0	7d	LD A,L
02f1	a3	AND E
02f2	b1	OR C
02f3	6f	LD L,A
02f4	224e40	LD (0x404e),HL
02f7	77	LD (HL),A
02f8	c9	RET
0304	010002	LD BC,0x200
0307	18c1	JR 0x02ca
0309	d380	OUT (0x80),A
030b	7d	LD A,L
030c	d340	OUT (0x40),A
030e	c9	RET
030f	e7	RST 0x0020
0310	3e20	LD A,0x20
0312	216040	LD HL,0x4060
0315	77	LD (HL),A
0316	3e03	LD A,0x3
0318	23	INC HL
0319	77	LD (HL),A
031a	3e14	LD A,0x14
031c	23	INC HL
031d	77	LD (HL),A
031e	3e01	LD A,0x1
0320	23	INC HL
0321	77	LD (HL),A
0322	af	XOR A
0323	23	INC HL
0324	77	LD (HL),A
0325	211000	LD HL,0x10
0328	226540	LD (0x4065),HL
032b	2e20	LD L,0x20
032d	ef	RST 0x0028
032e	f7	RST 0x0030
032f	0609	LD B,0x9
0331	df	RST 0x0018
0332	c9	RET
0333	3a6440	LD A,(0x4064)
0336	a7	AND A
0337	280d	JR Z,0x0346
0339	fe01	CP 0x1
033b	281f	JR Z,0x035c
033d	fe03	CP 0x3
033f	382b	JR C,0x036c
0341	2849	JR Z,0x038c
0343	c37106	JP 0x0671
0346	216040	LD HL,0x4060
0349	35	DEC (HL)
034a	206f	JR NZ,0x03bb
034c	3620	LD (HL),0x20
034e	d7	RST 0x0010
034f	3d	DEC A
0350	2804	JR Z,0x0356
0352	47	LD B,A
0353	df	RST 0x0018
0354	1865	JR 0x03bb
0356	216440	LD HL,0x4064
0359	34	INC (HL)
035a	18f6	JR 0x0352
035c	210003	LD HL,0x300
035f	226740	LD (0x4067),HL
0362	ef	RST 0x0028
0363	0608	LD B,0x8
0365	df	RST 0x0018
0366	216440	LD HL,0x4064
0369	34	INC (HL)
036a	184f	JR 0x03bb
036c	216140	LD HL,0x4061
036f	35	DEC (HL)
0370	2049	JR NZ,0x03bb
0372	3603	LD (HL),0x3
0374	cd4d02	CALL 0x024d
0377	b7	OR A
0378	110800	LD DE,0x8
037b	ed52	SBC HL,DE
037d	ef	RST 0x0028
037e	216240	LD HL,0x4062
0381	35	DEC (HL)
0382	2037	JR NZ,0x03bb
0384	3614	LD (HL),0x14
0386	216440	LD HL,0x4064
0389	34	INC (HL)
038a	182f	JR 0x03bb
038c	216340	LD HL,0x4063
038f	35	DEC (HL)
0390	201d	JR NZ,0x03af
0392	3601	LD (HL),0x1
0394	b7	OR A
0395	2a6740	LD HL,(0x4067)
0398	112000	LD DE,0x20
039b	ed52	SBC HL,DE
039d	226740	LD (0x4067),HL
03a0	ef	RST 0x0028
03a1	2a6540	LD HL,(0x4065)
03a4	2b	DEC HL
03a5	7d	LD A,L
03a6	b4	OR H
03a7	200b	JR NZ,0x03b4
03a9	216440	LD HL,0x4064
03ac	34	INC (HL)
03ad	180c	JR 0x03bb
03af	2a6740	LD HL,(0x4067)
03b2	18ec	JR 0x03a0
03b4	226540	LD (0x4065),HL
03b7	216440	LD HL,0x4064
03ba	35	DEC (HL)
03bb	af	XOR A
03bc	c9	RET
03bd	3e80	LD A,0x80
03bf	325d40	LD (0x405d),A
03c2	060e	LD B,0xe
03c4	cd7c02	CALL 0x027c
03c7	217000	LD HL,0x70
03ca	cd3c02	CALL 0x023c
03cd	f7	RST 0x0030
03ce	cd0403	CALL 0x0304
03d1	c9	RET
03d2	3a5d40	LD A,(0x405d)
03d5	3d	DEC A
03d6	325d40	LD (0x405d),A
03d9	2825	JR Z,0x0400
03db	feff	CP 0xff
03dd	283a	JR Z,0x0419
03df	fe20	CP 0x20
03e1	380a	JR C,0x03ed
03e3	fe30	CP 0x30
03e5	380c	JR C,0x03f3
03e7	fe70	CP 0x70
03e9	3802	JR C,0x03ed
03eb	af	XOR A
03ec	c9	RET
03ed	0600	LD B,0x0
03ef	cd7c02	CALL 0x027c
03f2	c9	RET
03f3	213c00	LD HL,0x3c
03f6	cd3c02	CALL 0x023c
03f9	060b	LD B,0xb
03fb	cd7c02	CALL 0x027c
03fe	af	XOR A
03ff	c9	RET
0400	cd0403	CALL 0x0304
0403	3e80	LD A,0x80
0405	325e40	LD (0x405e),A
0408	060a	LD B,0xa
040a	cd7c02	CALL 0x027c
040d	21fc00	LD HL,0xfc
0410	cd3c02	CALL 0x023c
0413	f7	RST 0x0030
0414	af	XOR A
0415	325d40	LD (0x405d),A
0418	c9	RET
0419	3a5e40	LD A,(0x405e)
041c	3d	DEC A
041d	325e40	LD (0x405e),A
0420	fe41	CP 0x41
0422	380b	JR C,0x042f
0424	cd4d02	CALL 0x024d
0427	2d	DEC L
0428	2d	DEC L
0429	ef	RST 0x0028
042a	af	XOR A
042b	325d40	LD (0x405d),A
042e	c9	RET
042f	fe40	CP 0x40
0431	280e	JR Z,0x0441
0433	b7	OR A
0434	2811	JR Z,0x0447
0436	cd4d02	CALL 0x024d
0439	2c	INC L
043a	2c	INC L
043b	ef	RST 0x0028
043c	af	XOR A
043d	325d40	LD (0x405d),A
0440	c9	RET
0441	d7	RST 0x0010
0442	05	DEC B
0443	df	RST 0x0018
0444	c33304	JP 0x0433
0447	d7	RST 0x0010
0448	05	DEC B
0449	280f	JR Z,0x045a
044b	df	RST 0x0018
044c	210000	LD HL,0x0
044f	cd3c02	CALL 0x023c
0452	3e80	LD A,0x80
0454	325e40	LD (0x405e),A
0457	c31904	JP 0x0419
045a	3eff	LD A,0xff
045c	c9	RET
045d	cdc702	CALL 0x02c7
0460	cd6002	CALL 0x0260
0463	210001	LD HL,0x100
0466	cd3c02	CALL 0x023c
0469	060a	LD B,0xa
046b	cd7c02	CALL 0x027c
046e	219002	LD HL,0x290
0471	223041	LD (0x4130),HL
0474	c9	RET
0475	2a3041	LD HL,(0x4130)
0478	2b	DEC HL
0479	223041	LD (0x4130),HL
047c	7c	LD A,H
047d	b5	OR L
047e	3eff	LD A,0xff
0480	c8	RET Z
0481	cd4d02	CALL 0x024d
0484	110300	LD DE,0x3
0487	19	ADD HL,DE
0488	cd3c02	CALL 0x023c
048b	af	XOR A
048c	c9	RET
048d	e7	RST 0x0020
048e	3e08	LD A,0x8
0490	327041	LD (0x4170),A
0493	3e0c	LD A,0xc
0495	327141	LD (0x4171),A
0498	3e10	LD A,0x10
049a	327241	LD (0x4172),A
049d	af	XOR A
049e	327341	LD (0x4173),A
04a1	215000	LD HL,0x50
04a4	ef	RST 0x0028
04a5	f7	RST 0x0030
04a6	0600	LD B,0x0
04a8	df	RST 0x0018
04a9	c9	RET
04aa	3a7341	LD A,(0x4173)
04ad	a7	AND A
04ae	2817	JR Z,0x04c7
04b0	fe01	CP 0x1
04b2	2821	JR Z,0x04d5
04b4	fe03	CP 0x3
04b6	3822	JR C,0x04da
04b8	282c	JR Z,0x04e6
04ba	217241	LD HL,0x4172
04bd	35	DEC (HL)
04be	3eff	LD A,0xff
04c0	c8	RET Z
04c1	af	XOR A
04c2	327341	LD (0x4173),A
04c5	af	XOR A
04c6	c9	RET
04c7	d7	RST 0x0010
04c8	3c	INC A
04c9	fe0d	CP 0xd
04cb	2004	JR NZ,0x04d1
04cd	217341	LD HL,0x4173
04d0	34	INC (HL)
04d1	47	LD B,A
04d2	df	RST 0x0018
04d3	18f0	JR 0x04c5
04d5	cdeb04	CALL 0x04eb
04d8	18eb	JR 0x04c5
04da	d7	RST 0x0010
04db	3d	DEC A
04dc	2004	JR NZ,0x04e2
04de	217341	LD HL,0x4173
04e1	34	INC (HL)
04e2	47	LD B,A
04e3	df	RST 0x0018
04e4	18df	JR 0x04c5
04e6	cdf804	CALL 0x04f8
04e9	18da	JR 0x04c5
04eb	217041	LD HL,0x4170
04ee	35	DEC (HL)
04ef	c0	RET NZ
04f0	3e08	LD A,0x8
04f2	77	LD (HL),A
04f3	217341	LD HL,0x4173
04f6	34	INC (HL)
04f7	c9	RET
04f8	217141	LD HL,0x4171
04fb	35	DEC (HL)
04fc	c0	RET NZ
04fd	3e0c	LD A,0xc
04ff	77	LD (HL),A
0500	217341	LD HL,0x4173
0503	34	INC (HL)
0504	c9	RET
0505	cd0403	CALL 0x0304
0508	210001	LD HL,0x100
050b	227641	LD (0x4176),HL
050e	f7	RST 0x0030
050f	0606	LD B,0x6
0511	df	RST 0x0018
0512	3e08	LD A,0x8
0514	327541	LD (0x4175),A
0517	af	XOR A
0518	327841	LD (0x4178),A
051b	c9	RET
051c	3a7841	LD A,(0x4178)
051f	fe01	CP 0x1
0521	2834	JR Z,0x0557
0523	fe02	CP 0x2
0525	2848	JR Z,0x056f
0527	fe03	CP 0x3
0529	2869	JR Z,0x0594
052b	fe04	CP 0x4
052d	2876	JR Z,0x05a5
052f	217541	LD HL,0x4175
0532	35	DEC (HL)
0533	2016	JR NZ,0x054b
0535	3608	LD (HL),0x8
0537	11f0ff	LD DE,0xfff0
053a	2a7641	LD HL,(0x4176)
053d	19	ADD HL,DE
053e	227641	LD (0x4176),HL
0541	7c	LD A,H
0542	a7	AND A
0543	2005	JR NZ,0x054a
0545	7d	LD A,L
0546	fe38	CP 0x38
0548	3803	JR C,0x054d
054a	ef	RST 0x0028
054b	af	XOR A
054c	c9	RET
054d	3e20	LD A,0x20
054f	327541	LD (0x4175),A
0552	44	LD B,H
0553	3e01	LD A,0x1
0555	1812	JR 0x0569
0557	217541	LD HL,0x4175
055a	35	DEC (HL)
055b	20ee	JR NZ,0x054b
055d	3605	LD (HL),0x5
055f	3e03	LD A,0x3
0561	216000	LD HL,0x60
0564	0602	LD B,0x2
0566	227641	LD (0x4176),HL
0569	327841	LD (0x4178),A
056c	df	RST 0x0018
056d	af	XOR A
056e	c9	RET
056f	217541	LD HL,0x4175
0572	35	DEC (HL)
0573	20d6	JR NZ,0x054b
0575	3606	LD (HL),0x6
0577	11fcff	LD DE,0xfffc
057a	2a7641	LD HL,(0x4176)
057d	19	ADD HL,DE
057e	227641	LD (0x4176),HL
0581	7c	LD A,H
0582	a7	AND A
0583	20c5	JR NZ,0x054a
0585	7d	LD A,L
0586	fe30	CP 0x30
0588	30c0	JR NC,0x054a
058a	3e30	LD A,0x30
058c	327541	LD (0x4175),A
058f	44	LD B,H
0590	3e03	LD A,0x3
0592	18d5	JR 0x0569
0594	217541	LD HL,0x4175
0597	35	DEC (HL)
0598	20b1	JR NZ,0x054b
059a	3604	LD (HL),0x4
059c	3e04	LD A,0x4
059e	216000	LD HL,0x60
05a1	0604	LD B,0x4
05a3	18c1	JR 0x0566
05a5	217541	LD HL,0x4175
05a8	35	DEC (HL)
05a9	20a0	JR NZ,0x054b
05ab	3604	LD (HL),0x4
05ad	111000	LD DE,0x10
05b0	2a7641	LD HL,(0x4176)
05b3	19	ADD HL,DE
05b4	227641	LD (0x4176),HL
05b7	7c	LD A,H
05b8	a7	AND A
05b9	288f	JR Z,0x054a
05bb	7d	LD A,L
05bc	fe80	CP 0x80
05be	388a	JR C,0x054a
05c0	c30505	JP 0x0505
05c3	af	XOR A
05c4	211041	LD HL,0x4110
05c7	77	LD (HL),A
05c8	23	INC HL
05c9	3604	LD (HL),0x4
05cb	23	INC HL
05cc	3604	LD (HL),0x4
05ce	23	INC HL
05cf	3604	LD (HL),0x4
05d1	23	INC HL
05d2	3668	LD (HL),0x68
05d4	cdb002	CALL 0x02b0
05d7	3e06	LD A,0x6
05d9	0618	LD B,0x18
05db	cf	RST 0x0008
05dc	0604	LD B,0x4
05de	cd7c02	CALL 0x027c
05e1	cdc702	CALL 0x02c7
05e4	c9	RET
05e5	cd1c06	CALL 0x061c
05e8	cded05	CALL 0x05ed
05eb	af	XOR A
05ec	c9	RET
05ed	3a1041	LD A,(0x4110)
05f0	cb47	BIT 0x0,A
05f2	2810	JR Z,0x0604
05f4	211241	LD HL,0x4112
05f7	35	DEC (HL)
05f8	c0	RET NZ
05f9	3604	LD (HL),0x4
05fb	0600	LD B,0x0
05fd	cd7c02	CALL 0x027c
0600	0e01	LD C,0x1
0602	1810	JR 0x0614
0604	211141	LD HL,0x4111
0607	35	DEC (HL)
0608	c0	RET NZ
0609	3604	LD (HL),0x4
060b	3a1341	LD A,(0x4113)
060e	47	LD B,A
060f	cd7c02	CALL 0x027c
0612	0e01	LD C,0x1
0614	3a1041	LD A,(0x4110)
0617	a9	XOR C
0618	321041	LD (0x4110),A
061b	c9	RET
061c	211441	LD HL,0x4114
061f	35	DEC (HL)
0620	c0	RET NZ
0621	3668	LD (HL),0x68
0623	211341	LD HL,0x4113
0626	3a1041	LD A,(0x4110)
0629	cb4f	BIT 0x1,A
062b	2009	JR NZ,0x0636
062d	34	INC (HL)
062e	3e07	LD A,0x7
0630	be	CP (HL)
0631	0e02	LD C,0x2
0633	28df	JR Z,0x0614
0635	c9	RET
0636	35	DEC (HL)
0637	7e	LD A,(HL)
0638	3c	INC A
0639	c0	RET NZ
063a	e1	POP HL
063b	3d	DEC A
063c	c9	RET
063d	e7	RST 0x0020
063e	3e20	LD A,0x20
0640	21e041	LD HL,0x41e0
0643	77	LD (HL),A
0644	3e03	LD A,0x3
0646	23	INC HL
0647	77	LD (HL),A
0648	3e14	LD A,0x14
064a	23	INC HL
064b	77	LD (HL),A
064c	3e01	LD A,0x1
064e	23	INC HL
064f	77	LD (HL),A
0650	23	INC HL
0651	3600	LD (HL),0x0
0653	211000	LD HL,0x10
0656	22e541	LD (0x41e5),HL
0659	2e20	LD L,0x20
065b	ef	RST 0x0028
065c	f7	RST 0x0030
065d	0609	LD B,0x9
065f	df	RST 0x0018
0660	c9	RET
0661	3ae441	LD A,(0x41e4)
0664	a7	AND A
0665	281c	JR Z,0x0683
0667	fe01	CP 0x1
0669	281f	JR Z,0x068a
066b	fe03	CP 0x3
066d	382b	JR C,0x069a
066f	2849	JR Z,0x06ba
0671	d7	RST 0x0010
0672	3d	DEC A
0673	2804	JR Z,0x0679
0675	47	LD B,A
0676	df	RST 0x0018
0677	af	XOR A
0678	c9	RET
0679	af	XOR A
067a	32a542	LD (0x42a5),A
067d	3d	DEC A
067e	c9	RET
067f	47	LD B,A
0680	df	RST 0x0018
0681	1866	JR 0x06e9
0683	21e441	LD HL,0x41e4
0686	34	INC (HL)
0687	af	XOR A
0688	18f5	JR 0x067f
068a	210003	LD HL,0x300
068d	22e741	LD (0x41e7),HL
0690	ef	RST 0x0028
0691	0608	LD B,0x8
0693	df	RST 0x0018
0694	21e441	LD HL,0x41e4
0697	34	INC (HL)
0698	184f	JR 0x06e9
069a	21e141	LD HL,0x41e1
069d	35	DEC (HL)
069e	2049	JR NZ,0x06e9
06a0	3603	LD (HL),0x3
06a2	cd4d02	CALL 0x024d
06a5	b7	OR A
06a6	110800	LD DE,0x8
06a9	ed52	SBC HL,DE
06ab	ef	RST 0x0028
06ac	21e241	LD HL,0x41e2
06af	35	DEC (HL)
06b0	2037	JR NZ,0x06e9
06b2	3614	LD (HL),0x14
06b4	21e441	LD HL,0x41e4
06b7	34	INC (HL)
06b8	182f	JR 0x06e9
06ba	21e341	LD HL,0x41e3
06bd	35	DEC (HL)
06be	201d	JR NZ,0x06dd
06c0	3601	LD (HL),0x1
06c2	b7	OR A
06c3	2ae741	LD HL,(0x41e7)
06c6	112000	LD DE,0x20
06c9	ed52	SBC HL,DE
06cb	22e741	LD (0x41e7),HL
06ce	ef	RST 0x0028
06cf	2ae541	LD HL,(0x41e5)
06d2	2b	DEC HL
06d3	7d	LD A,L
06d4	b4	OR H
06d5	200b	JR NZ,0x06e2
06d7	21e441	LD HL,0x41e4
06da	34	INC (HL)
06db	180c	JR 0x06e9
06dd	2ae741	LD HL,(0x41e7)
06e0	18ec	JR 0x06ce
06e2	22e541	LD (0x41e5),HL
06e5	21e441	LD HL,0x41e4
06e8	35	DEC (HL)
06e9	af	XOR A
06ea	c9	RET
06eb	215000	LD HL,0x50
06ee	228041	LD (0x4180),HL
06f1	212409	LD HL,0x924
06f4	228241	LD (0x4182),HL
06f7	3e00	LD A,0x0
06f9	328441	LD (0x4184),A
06fc	060d	LD B,0xd
06fe	cd7c02	CALL 0x027c
0701	215000	LD HL,0x50
0704	cd3c02	CALL 0x023c
0707	cd6002	CALL 0x0260
070a	cdc702	CALL 0x02c7
070d	c9	RET
070e	2a8041	LD HL,(0x4180)
0711	2b	DEC HL
0712	228041	LD (0x4180),HL
0715	7c	LD A,H
0716	b5	OR L
0717	3e00	LD A,0x0
0719	2847	JR Z,0x0762
071b	3a8441	LD A,(0x4184)
071e	cb47	BIT 0x0,A
0720	3e00	LD A,0x0
0722	280e	JR Z,0x0732
0724	218241	LD HL,0x4182
0727	35	DEC (HL)
0728	c0	RET NZ
0729	3624	LD (HL),0x24
072b	060d	LD B,0xd
072d	cd7c02	CALL 0x027c
0730	1825	JR 0x0757
0732	cd4d02	CALL 0x024d
0735	110a00	LD DE,0xa
0738	3a8441	LD A,(0x4184)
073b	cb4f	BIT 0x1,A
073d	2804	JR Z,0x0743
073f	af	XOR A
0740	ed52	SBC HL,DE
0742	3e19	LD A,0x19
0744	cd3c02	CALL 0x023c
0747	0e02	LD C,0x2
0749	cd5907	CALL 0x0759
074c	218341	LD HL,0x4183
074f	35	DEC (HL)
0750	c0	RET NZ
0751	3609	LD (HL),0x9
0753	47	LD B,A
0754	cd7c02	CALL 0x027c
0757	0e01	LD C,0x1
0759	3a8441	LD A,(0x4184)
075c	a9	XOR C
075d	328441	LD (0x4184),A
0760	af	XOR A
0761	c9	RET
0762	218441	LD HL,0x4184
0765	cb56	BIT 0x2,(HL)
0767	200e	JR NZ,0x0777
0769	cdeb06	CALL 0x06eb
076c	0600	LD B,0x0
076e	cd7c02	CALL 0x027c
0771	218441	LD HL,0x4184
0774	cbd6	SET 0x2,(HL)
0776	c9	RET
0777	0600	LD B,0x0
0779	cd7c02	CALL 0x027c
077c	3eff	LD A,0xff
077e	c9	RET
077f	e7	RST 0x0020
0780	af	XOR A
0781	32c842	LD (0x42c8),A
0784	32a342	LD (0x42a3),A
0787	f7	RST 0x0030
0788	c36109	JP 0x0961
078b	e7	RST 0x0020
078c	f7	RST 0x0030
078d	c9	RET
078e	e7	RST 0x0020
078f	f7	RST 0x0030
0790	c9	RET
0791	dd218042	LD IX,0x4280
0795	180a	JR 0x07a1
0797	dd218842	LD IX,0x4288
079b	1804	JR 0x07a1
079d	dd219042	LD IX,0x4290
07a1	dd7e00	LD A,(IX+0x0)
07a4	feff	CP 0xff
07a6	2805	JR Z,0x07ad
07a8	cdb707	CALL 0x07b7
07ab	af	XOR A
07ac	c9	RET
07ad	af	XOR A
07ae	32a542	LD (0x42a5),A
07b1	32a642	LD (0x42a6),A
07b4	3eff	LD A,0xff
07b6	c9	RET
07b7	dd3501	DEC (IX+0x1)
07ba	c0	RET NZ
07bb	3aa242	LD A,(0x42a2)
07be	dd7701	LD (IX+0x1),A
07c1	ddcb0046	BIT 0x0,(IX+0x0)
07c5	c2d507	JP NZ,0x07d5
07c8	dd7e07	LD A,(IX+0x7)
07cb	d601	SUB 0x1
07cd	fad507	JP M,0x07d5
07d0	dd7707	LD (IX+0x7),A
07d3	47	LD B,A
07d4	df	RST 0x0018
07d5	dd3500	DEC (IX+0x0)
07d8	c0	RET NZ
07d9	dd6e02	LD L,(IX+0x2)
07dc	dd6603	LD H,(IX+0x3)
07df	7e	LD A,(HL)
07e0	47	LD B,A
07e1	e61f	AND 0x1f
07e3	ca6a08	JP Z,0x086a
07e6	fe1f	CP 0x1f
07e8	c28408	JP NZ,0x0884
07eb	23	INC HL
07ec	dd7502	LD (IX+0x2),L
07ef	dd7403	LD (IX+0x3),H
07f2	78	LD A,B
07f3	e6e0	AND 0xe0
07f5	0f	RRCA
07f6	0f	RRCA
07f7	0f	RRCA
07f8	0f	RRCA
07f9	4f	LD C,A
07fa	0600	LD B,0x0
07fc	210508	LD HL,0x805
07ff	09	ADD HL,BC
0800	5e	LD E,(HL)
0801	23	INC HL
0802	56	LD D,(HL)
0803	d5	PUSH DE
0804	c9	RET
086a	cd7208	CALL 0x0872
086d	0600	LD B,0x0
086f	df	RST 0x0018
0870	1833	JR 0x08a5
0872	78	LD A,B
0873	e6e0	AND 0xe0
0875	07	RLCA
0876	07	RLCA
0877	07	RLCA
0878	47	LD B,A
0879	3e01	LD A,0x1
087b	1004	DJNZ 0x0881
087d	dd7700	LD (IX+0x0),A
0880	c9	RET
0881	07	RLCA
0882	18f7	JR 0x087b
0884	c5	PUSH BC
0885	cd7208	CALL 0x0872
0888	c1	POP BC
0889	78	LD A,B
088a	e61f	AND 0x1f
088c	3d	DEC A
088d	07	RLCA
088e	4f	LD C,A
088f	0600	LD B,0x0
0891	dd6e04	LD L,(IX+0x4)
0894	dd6605	LD H,(IX+0x5)
0897	09	ADD HL,BC
0898	5e	LD E,(HL)
0899	23	INC HL
089a	56	LD D,(HL)
089b	eb	EX DE,HL
089c	ef	RST 0x0028
089d	dd4606	LD B,(IX+0x6)
08a0	78	LD A,B
08a1	dd7707	LD (IX+0x7),A
08a4	df	RST 0x0018
08a5	dd6e02	LD L,(IX+0x2)
08a8	dd6603	LD H,(IX+0x3)
08ab	23	INC HL
08ac	dd7502	LD (IX+0x2),L
08af	dd7403	LD (IX+0x3),H
08b2	c9	RET
095b	21a542	LD HL,0x42a5
095e	7e	LD A,(HL)
095f	a7	AND A
0960	c0	RET NZ
0961	219309	LD HL,0x993
0964	118042	LD DE,0x4280
0967	011800	LD BC,0x18
096a	edb0	LDIR
096c	3aa342	LD A,(0x42a3)
096f	87	ADD A,A
0970	4f	LD C,A
0971	87	ADD A,A
0972	81	ADD A,C
0973	4f	LD C,A
0974	0600	LD B,0x0
0976	21ab09	LD HL,0x9ab
0979	09	ADD HL,BC
097a	118242	LD DE,0x4282
097d	cd8909	CALL 0x0989
0980	118a42	LD DE,0x428a
0983	cd8909	CALL 0x0989
0986	119242	LD DE,0x4292
0989	7e	LD A,(HL)
098a	12	LD (DE),A
098b	cd9009	CALL 0x0990
098e	7e	LD A,(HL)
098f	12	LD (DE),A
0990	23	INC HL
0991	13	INC DE
0992	c9	RET
0ab0	e7	RST 0x0020
0ab1	3e01	LD A,0x1
0ab3	32a342	LD (0x42a3),A
0ab6	32a642	LD (0x42a6),A
0ab9	f7	RST 0x0030
0aba	c36109	JP 0x0961
0abd	dd218042	LD IX,0x4280
0ac1	c3a107	JP 0x07a1
0ac4	e7	RST 0x0020
0ac5	f7	RST 0x0030
0ac6	c9	RET
0ac7	dd218842	LD IX,0x4288
0acb	c3a107	JP 0x07a1
0b3b	e7	RST 0x0020
0b3c	af	XOR A
0b3d	32c842	LD (0x42c8),A
0b40	3e02	LD A,0x2
0b42	32a342	LD (0x42a3),A
0b45	32a642	LD (0x42a6),A
0b48	f7	RST 0x0030
0b49	c36109	JP 0x0961
0b4c	dd218042	LD IX,0x4280
0b50	c3a107	JP 0x07a1
0b53	e7	RST 0x0020
0b54	f7	RST 0x0030
0b55	c9	RET
0b56	dd218842	LD IX,0x4288
0b5a	c3a107	JP 0x07a1
0b67	e7	RST 0x0020
0b68	21a742	LD HL,0x42a7
0b6b	34	INC (HL)
0b6c	7e	LD A,(HL)
0b6d	fe01	CP 0x1
0b6f	2810	JR Z,0x0b81
0b71	fe18	CP 0x18
0b73	2811	JR Z,0x0b86
0b75	32a342	LD (0x42a3),A
0b78	f7	RST 0x0030
0b79	3e01	LD A,0x1
0b7b	32a542	LD (0x42a5),A
0b7e	c36109	JP 0x0961
0b81	3605	LD (HL),0x5
0b83	7e	LD A,(HL)
0b84	18ef	JR 0x0b75
0b86	3604	LD (HL),0x4
0b88	3e18	LD A,0x18
0b8a	18e9	JR 0x0b75
0b8c	e7	RST 0x0020
0b8d	f7	RST 0x0030
0b8e	c9	RET
0b8f	dd218042	LD IX,0x4280
0b93	c3a107	JP 0x07a1
0b96	dd218842	LD IX,0x4288
0b9a	c3a107	JP 0x07a1
0b9d	e7	RST 0x0020
0b9e	3e03	LD A,0x3
0ba0	32a342	LD (0x42a3),A
0ba3	f7	RST 0x0030
0ba4	c35b09	JP 0x095b
0ba7	3aa542	LD A,(0x42a5)
0baa	a7	AND A
0bab	c2b407	JP NZ,0x07b4
0bae	dd218042	LD IX,0x4280
0bb2	c3a107	JP 0x07a1
1015	e7	RST 0x0020
1016	af	XOR A
1017	32c842	LD (0x42c8),A
101a	3e19	LD A,0x19
101c	32a342	LD (0x42a3),A
101f	f7	RST 0x0030
1020	c36109	JP 0x0961
1023	e7	RST 0x0020
1024	f7	RST 0x0030
1025	c9	RET
1026	dd218042	LD IX,0x4280
102a	c3a107	JP 0x07a1
102d	dd218842	LD IX,0x4288
1031	c3a107	JP 0x07a1
1465	e7	RST 0x0020
1466	3e01	LD A,0x1
1468	32c842	LD (0x42c8),A
146b	32c342	LD (0x42c3),A
146e	f7	RST 0x0030
146f	c37016	JP 0x1670
1472	dd21b042	LD IX,0x42b0
1476	dd7e00	LD A,(IX+0x0)
1479	feff	CP 0xff
147b	2825	JR Z,0x14a2
147d	cda914	CALL 0x14a9
1480	af	XOR A
1481	c9	RET
1482	e7	RST 0x0020
1483	3e00	LD A,0x0
1485	32c342	LD (0x42c3),A
1488	f7	RST 0x0030
1489	c36b16	JP 0x166b
148c	3ac842	LD A,(0x42c8)
148f	a7	AND A
1490	2014	JR NZ,0x14a6
1492	e7	RST 0x0020
1493	dd21b042	LD IX,0x42b0
1497	dd7e00	LD A,(IX+0x0)
149a	feff	CP 0xff
149c	c8	RET Z
149d	cda914	CALL 0x14a9
14a0	af	XOR A
14a1	c9	RET
14a2	af	XOR A
14a3	32c842	LD (0x42c8),A
14a6	3eff	LD A,0xff
14a8	c9	RET
14a9	dd3501	DEC (IX+0x1)
14ac	c0	RET NZ
14ad	3ac242	LD A,(0x42c2)
14b0	dd7701	LD (IX+0x1),A
14b3	dd7e08	LD A,(IX+0x8)
14b6	a7	AND A
14b7	2816	JR Z,0x14cf
14b9	21c442	LD HL,0x42c4
14bc	35	DEC (HL)
14bd	7e	LD A,(HL)
14be	a7	AND A
14bf	280b	JR Z,0x14cc
14c1	cd4d02	CALL 0x024d
14c4	ed5bc542	LD DE,(0x42c5)
14c8	19	ADD HL,DE
14c9	ef	RST 0x0028
14ca	1803	JR 0x14cf
14cc	dd7708	LD (IX+0x8),A
14cf	ddcb0046	BIT 0x0,(IX+0x0)
14d3	c2e314	JP NZ,0x14e3
14d6	dd7e07	LD A,(IX+0x7)
14d9	d601	SUB 0x1
14db	fae314	JP M,0x14e3
14de	dd7707	LD (IX+0x7),A
14e1	47	LD B,A
14e2	df	RST 0x0018
14e3	dd3500	DEC (IX+0x0)
14e6	c0	RET NZ
14e7	dd6e02	LD L,(IX+0x2)
14ea	dd6603	LD H,(IX+0x3)
14ed	7e	LD A,(HL)
14ee	47	LD B,A
14ef	e61f	AND 0x1f
14f1	ca9415	JP Z,0x1594
14f4	fe1f	CP 0x1f
14f6	c2ae15	JP NZ,0x15ae
14f9	23	INC HL
14fa	dd7502	LD (IX+0x2),L
14fd	dd7403	LD (IX+0x3),H
1500	78	LD A,B
1501	e6e0	AND 0xe0
1503	0f	RRCA
1504	0f	RRCA
1505	0f	RRCA
1506	0f	RRCA
1507	4f	LD C,A
1508	0600	LD B,0x0
150a	211615	LD HL,0x1516
150d	09	ADD HL,BC
150e	5e	LD E,(HL)
150f	23	INC HL
1510	56	LD D,(HL)
1511	2ab242	LD HL,(0x42b2)
1514	d5	PUSH DE
1515	c9	RET
1594	cd9c15	CALL 0x159c
1597	0600	LD B,0x0
1599	df	RST 0x0018
159a	1839	JR 0x15d5
159c	78	LD A,B
159d	e6e0	AND 0xe0
159f	07	RLCA
15a0	07	RLCA
15a1	07	RLCA
15a2	47	LD B,A
15a3	3e01	LD A,0x1
15a5	1004	DJNZ 0x15ab
15a7	dd7700	LD (IX+0x0),A
15aa	c9	RET
15ab	07	RLCA
15ac	18f7	JR 0x15a5
15ae	c5	PUSH BC
15af	cd9c15	CALL 0x159c
15b2	c1	POP BC
15b3	78	LD A,B
15b4	e61f	AND 0x1f
15b6	3d	DEC A
15b7	07	RLCA
15b8	4f	LD C,A
15b9	0600	LD B,0x0
15bb	dd6e04	LD L,(IX+0x4)
15be	dd6605	LD H,(IX+0x5)
15c1	09	ADD HL,BC
15c2	5e	LD E,(HL)
15c3	23	INC HL
15c4	56	LD D,(HL)
15c5	eb	EX DE,HL
15c6	ef	RST 0x0028
15c7	dd7e09	LD A,(IX+0x9)
15ca	dd7708	LD (IX+0x8),A
15cd	dd4606	LD B,(IX+0x6)
15d0	78	LD A,B
15d1	dd7707	LD (IX+0x7),A
15d4	df	RST 0x0018
15d5	dd6e02	LD L,(IX+0x2)
15d8	dd6603	LD H,(IX+0x3)
15db	23	INC HL
15dc	dd7502	LD (IX+0x2),L
15df	dd7403	LD (IX+0x3),H
15e2	c9	RET
166b	3ac842	LD A,(0x42c8)
166e	a7	AND A
166f	c0	RET NZ
1670	219416	LD HL,0x1694
1673	11b042	LD DE,0x42b0
1676	010a00	LD BC,0xa
1679	edb0	LDIR
167b	3ac342	LD A,(0x42c3)
167e	87	ADD A,A
167f	4f	LD C,A
1680	87	ADD A,A
1681	81	ADD A,C
1682	4f	LD C,A
1683	219e16	LD HL,0x169e
1686	09	ADD HL,BC
1687	11b242	LD DE,0x42b2
168a	7e	LD A,(HL)
168b	12	LD (DE),A
168c	cd9116	CALL 0x1691
168f	7e	LD A,(HL)
1690	12	LD (DE),A
1691	23	INC HL
1692	13	INC DE
1693	c9	RET
